{"usuarios":[{"email":"nattsdaff@gmail.com","nombre":"natalia","apellido":"daff","password":"$2y$10$wroG8sA9q2psT9SIafi4XOCsD9m.1sjmmrS1.yoIZbiBReXN8PZIa","fnacdia":"1","fnacmes":"1","fnacanio":"1903","telcod":"","telefono":"","dni":"","avatar":"assets\/uploads\/usuarios\/0\/713801735bd6e2abb774d997a8a06c21.jpg"},{"email":"nattsdaffu@gmail.com","nombre":"natalia","apellido":"daff","password":"$2y$10$l2H\/I44CDokDE3PBuiSkluqp3HDyb1nVwkauSzw9dBwkaBeF4rmrS","fnacdia":"1","fnacmes":"1","fnacanio":"1903","telcod":"","telefono":"","dni":"","avatar":"assets\/uploads\/usuarios\/1\/713801735bd6e2abb774d997a8a06c21.jpg"}]}